ERL,Announcements,test_thread_1
ERL,Announcements,Announcement!
ERL,Announcements,test_thread_2
ERL,General Discussion,test_thread_3
ERL,Event Planning,test_thread_4
ERL,Off Topic,test_thread_5
COA,Announcements,test_thread_6
COA,General Discussion,test_thread_7
COA,Event Planning,test_thread_8
COA,Off Topic,test_thread_9
DIA,Announcements,test_thread_10
DIA,General Discussion,test_thread_11
DIA,Event Planning,test_thread_12
DIA,Off Topic,test_thread_13
THO,Announcements,test_thread_14
THO,General Discussion,test_thread_15
THO,Event Planning,test_thread_16
THO,Off Topic,test_thread_17
FHT,Announcements,test_thread_18
FHT,General Discussion,test_thread_19
FHT,Event Planning,test_thread_20
FHT,Off Topic,test_thread_21
HAY,Announcements,test_thread_22
HAY,General Discussion,test_thread_23
HAY,Event Planning,test_thread_24
HAY,Off Topic,test_thread_25
CSC,Announcements,test_thread_26
CSC,General Discussion,test_thread_27
CSC,Event Planning,test_thread_28
CSC,Off Topic,test_thread_29
BLM,Announcements,test_thread_30
BLM,General Discussion,test_thread_31
BLM,Event Planning,test_thread_32
BLM,Off Topic,test_thread_33
DOV,Announcements,test_thread_34
DOV,General Discussion,test_thread_35
DOV,Event Planning,test_thread_36
DOV,Off Topic,test_thread_37
MRT,Announcements,test_thread_38
MRT,General Discussion,test_thread_39
MRT,Event Planning,test_thread_40
MRT,Off Topic,test_thread_41
WAL,Announcements,test_thread_42
WAL,General Discussion,test_thread_43
WAL,Event Planning,test_thread_44
WAL,Off Topic,test_thread_45
VAR,Announcements,test_thread_46
VAR,General Discussion,test_thread_47
VAR,Event Planning,test_thread_48
VAR,Off Topic,test_thread_49
COL,Announcements,test_thread_50
COL,General Discussion,test_thread_51
COL,Event Planning,test_thread_52
COL,Off Topic,test_thread_53
QLD,Announcements,test_thread_54
QLD,General Discussion,test_thread_55
QLD,Event Planning,test_thread_56
QLD,Off Topic,test_thread_57
WOO,Announcements,test_thread_58
WOO,General Discussion,test_thread_59
WOO,Event Planning,test_thread_60
WOO,Off Topic,test_thread_61
OAK,Announcements,test_thread_62
OAK,General Discussion,test_thread_63
OAK,Event Planning,test_thread_64
OAK,Off Topic,test_thread_65
SOW,Announcements,test_thread_66
SOW,General Discussion,test_thread_67
SOW,Event Planning,test_thread_68
SOW,Off Topic,test_thread_69
RDL,Announcements,test_thread_70
RDL,General Discussion,test_thread_71
RDL,Event Planning,test_thread_72
RDL,Off Topic,test_thread_73
APP,Announcements,test_thread_74
APP,General Discussion,test_thread_75
APP,Event Planning,test_thread_76
APP,Off Topic,test_thread_77
RID,Announcements,test_thread_78
RID,General Discussion,test_thread_79
RID,Event Planning,test_thread_80
RID,Off Topic,test_thread_81
ARB,Announcements,test_thread_82
ARB,General Discussion,test_thread_83
ARB,Event Planning,test_thread_84
ARB,Off Topic,test_thread_85
BVD,Announcements,test_thread_86
BVD,General Discussion,test_thread_87
BVD,Event Planning,test_thread_88
BVD,Off Topic,test_thread_89
CPF,Announcements,test_thread_90
CPF,General Discussion,test_thread_91
CPF,Event Planning,test_thread_92
CPF,Off Topic,test_thread_93
SIG,Announcements,test_thread_94
SIG,General Discussion,test_thread_95
SIG,Event Planning,test_thread_96
SIG,Off Topic,test_thread_97
CAM,Announcements,test_thread_98
CAM,General Discussion,test_thread_99
CAM,Event Planning,test_thread_100
CAM,Off Topic,test_thread_101
BRT,Announcements,test_thread_102
BRT,General Discussion,test_thread_103
BRT,Event Planning,test_thread_104
BRT,Off Topic,test_thread_105
WBN,Announcements,test_thread_106
WBN,General Discussion,test_thread_107
WBN,Event Planning,test_thread_108
WBN,Off Topic,test_thread_109
RUN,Announcements,test_thread_110
RUN,General Discussion,test_thread_111
RUN,Event Planning,test_thread_112
RUN,Off Topic,test_thread_113
ERI,Announcements,test_thread_114
ERI,General Discussion,test_thread_115
ERI,Event Planning,test_thread_116
ERI,Off Topic,test_thread_117
PIN,Announcements,test_thread_118
PIN,General Discussion,test_thread_119
PIN,Event Planning,test_thread_120
PIN,Off Topic,test_thread_121
HIW,Announcements,test_thread_122
HIW,General Discussion,test_thread_123
HIW,Event Planning,test_thread_124
HIW,Off Topic,test_thread_125
MAL,Announcements,test_thread_126
MAL,General Discussion,test_thread_127
MAL,Event Planning,test_thread_128
MAL,Off Topic,test_thread_129
MAC,Announcements,test_thread_130
MAC,General Discussion,test_thread_131
MAC,Event Planning,test_thread_132
MAC,Off Topic,test_thread_133
DRG,Announcements,test_thread_134
DRG,General Discussion,test_thread_135
DRG,Event Planning,test_thread_136
DRG,Off Topic,test_thread_137
MOP,Announcements,test_thread_138
MOP,General Discussion,test_thread_139
MOP,Event Planning,test_thread_140
MOP,Off Topic,test_thread_141
SOV,Announcements,test_thread_142
SOV,General Discussion,test_thread_143
SOV,Event Planning,test_thread_144
SOV,Off Topic,test_thread_145
EDG,Announcements,test_thread_146
EDG,General Discussion,test_thread_147
EDG,Event Planning,test_thread_148
EDG,Off Topic,test_thread_149
RED,Announcements,test_thread_150
RED,General Discussion,test_thread_151
RED,Event Planning,test_thread_152
RED,Off Topic,test_thread_153
SSD,Announcements,test_thread_154
SSD,General Discussion,test_thread_155
SSD,Event Planning,test_thread_156
SSD,Off Topic,test_thread_157
CAP,Announcements,test_thread_158
CAP,General Discussion,test_thread_159
CAP,Event Planning,test_thread_160
CAP,Off Topic,test_thread_161
UMR,Announcements,test_thread_162
UMR,General Discussion,test_thread_163
UMR,Event Planning,test_thread_164
UMR,Off Topic,test_thread_165
SAD,Announcements,test_thread_166
SAD,General Discussion,test_thread_167
SAD,Event Planning,test_thread_168
SAD,Off Topic,test_thread_169
BED,Announcements,test_thread_170
BED,General Discussion,test_thread_171
BED,Event Planning,test_thread_172
BED,Off Topic,test_thread_173
PAT,Announcements,test_thread_174
PAT,General Discussion,test_thread_175
PAT,Event Planning,test_thread_176
PAT,Off Topic,test_thread_177
SOC,Announcements,test_thread_178
SOC,General Discussion,test_thread_179
SOC,Event Planning,test_thread_180
SOC,Off Topic,test_thread_181
COR,Announcements,test_thread_182
COR,General Discussion,test_thread_183
COR,Event Planning,test_thread_184
COR,Off Topic,test_thread_185
EAU,Announcements,test_thread_186
EAU,General Discussion,test_thread_187
EAU,Event Planning,test_thread_188
EAU,Off Topic,test_thread_189
MCK,Announcements,test_thread_190
MCK,General Discussion,test_thread_191
MCK,Event Planning,test_thread_192
MCK,Off Topic,test_thread_193
MIS,Announcements,test_thread_194
MIS,General Discussion,test_thread_195
MIS,Event Planning,test_thread_196
MIS,Off Topic,test_thread_197
GBK,Announcements,test_thread_198
GBK,General Discussion,test_thread_199
GBK,Event Planning,test_thread_200
GBK,Off Topic,test_thread_201
TUX,Announcements,test_thread_202
TUX,General Discussion,test_thread_203
TUX,Event Planning,test_thread_204
TUX,Off Topic,test_thread_205
DNE,Announcements,test_thread_206
DNE,General Discussion,test_thread_207
DNE,Event Planning,test_thread_208
DNE,Off Topic,test_thread_209
LPK,Announcements,test_thread_210
LPK,General Discussion,test_thread_211
LPK,Event Planning,test_thread_212
LPK,Off Topic,test_thread_213
STR,Announcements,test_thread_214
STR,General Discussion,test_thread_215
STR,Event Planning,test_thread_216
STR,Off Topic,test_thread_217
CHR,Announcements,test_thread_218
CHR,General Discussion,test_thread_219
CHR,Event Planning,test_thread_220
CHR,Off Topic,test_thread_221
SHG,Announcements,test_thread_222
SHG,General Discussion,test_thread_223
SHG,Event Planning,test_thread_224
SHG,Off Topic,test_thread_225
ING,Announcements,test_thread_226
ING,General Discussion,test_thread_227
ING,Event Planning,test_thread_228
ING,Off Topic,test_thread_229
SOM,Announcements,test_thread_230
SOM,General Discussion,test_thread_231
SOM,Event Planning,test_thread_232
SOM,Off Topic,test_thread_233
SAN,Announcements,test_thread_234
SAN,General Discussion,test_thread_235
SAN,Event Planning,test_thread_236
SAN,Off Topic,test_thread_237
SDC,Announcements,test_thread_238
SDC,General Discussion,test_thread_239
SDC,Event Planning,test_thread_240
SDC,Off Topic,test_thread_241
ASP,Announcements,test_thread_242
ASP,General Discussion,test_thread_243
ASP,Event Planning,test_thread_244
ASP,Off Topic,test_thread_245
UOC,Announcements,test_thread_246
UOC,General Discussion,test_thread_247
UOC,Event Planning,test_thread_248
UOC,Off Topic,test_thread_249
WHL,Announcements,test_thread_250
WHL,General Discussion,test_thread_251
WHL,Event Planning,test_thread_252
WHL,Off Topic,test_thread_253
RCK,Announcements,test_thread_254
RCK,General Discussion,test_thread_255
RCK,Event Planning,test_thread_256
RCK,Off Topic,test_thread_257
CAN,Announcements,test_thread_258
CAN,General Discussion,test_thread_259
CAN,Event Planning,test_thread_260
CAN,Off Topic,test_thread_261
FAI,Announcements,test_thread_262
FAI,General Discussion,test_thread_263
FAI,Event Planning,test_thread_264
FAI,Off Topic,test_thread_265
BEL,Announcements,test_thread_266
BEL,General Discussion,test_thread_267
BEL,Event Planning,test_thread_268
BEL,Off Topic,test_thread_269
MOR,Announcements,test_thread_270
MOR,General Discussion,test_thread_271
MOR,Event Planning,test_thread_272
MOR,Off Topic,test_thread_273
DIS,Announcements,test_thread_274
DIS,General Discussion,test_thread_275
DIS,Event Planning,test_thread_276
DIS,Off Topic,test_thread_277
HPK,Announcements,test_thread_278
HPK,General Discussion,test_thread_279
HPK,Event Planning,test_thread_280
HPK,Off Topic,test_thread_281
HUN,Announcements,test_thread_282
HUN,General Discussion,test_thread_283
HUN,Event Planning,test_thread_284
HUN,Off Topic,test_thread_285
GRV,Announcements,test_thread_286
GRV,General Discussion,test_thread_287
GRV,Event Planning,test_thread_288
GRV,Off Topic,test_thread_289
SGH,Announcements,test_thread_290
SGH,General Discussion,test_thread_291
SGH,Event Planning,test_thread_292
SGH,Off Topic,test_thread_293
MID,Announcements,test_thread_294
MID,General Discussion,test_thread_295
MID,Event Planning,test_thread_296
MID,Off Topic,test_thread_297
STA,Announcements,test_thread_298
STA,General Discussion,test_thread_299
STA,Event Planning,test_thread_300
STA,Off Topic,test_thread_301
EPK,Announcements,test_thread_302
EPK,General Discussion,test_thread_303
EPK,Event Planning,test_thread_304
EPK,Off Topic,test_thread_305
DRN,Announcements,test_thread_306
DRN,General Discussion,test_thread_307
DRN,Event Planning,test_thread_308
DRN,Off Topic,test_thread_309
BYV,Announcements,test_thread_310
BYV,General Discussion,test_thread_311
BYV,Event Planning,test_thread_312
BYV,Off Topic,test_thread_313
WLD,Announcements,test_thread_314
WLD,General Discussion,test_thread_315
WLD,Event Planning,test_thread_316
WLD,Off Topic,test_thread_317
MLR,Announcements,test_thread_318
MLR,General Discussion,test_thread_319
MLR,Event Planning,test_thread_320
MLR,Off Topic,test_thread_321
SET,Announcements,test_thread_322
SET,General Discussion,test_thread_323
SET,Event Planning,test_thread_324
SET,Off Topic,test_thread_325
CRA,Announcements,test_thread_326
CRA,General Discussion,test_thread_327
CRA,Event Planning,test_thread_328
CRA,Off Topic,test_thread_329
REN,Announcements,test_thread_330
REN,General Discussion,test_thread_331
REN,Event Planning,test_thread_332
REN,Off Topic,test_thread_333
ACA,Announcements,test_thread_334
ACA,General Discussion,test_thread_335
ACA,Event Planning,test_thread_336
ACA,Off Topic,test_thread_337
COU,Announcements,test_thread_338
COU,General Discussion,test_thread_339
COU,Event Planning,test_thread_340
COU,Off Topic,test_thread_341
BDO,Announcements,test_thread_342
BDO,General Discussion,test_thread_343
BDO,Event Planning,test_thread_344
BDO,Off Topic,test_thread_345
WGT,Announcements,test_thread_346
WGT,General Discussion,test_thread_347
WGT,Event Planning,test_thread_348
WGT,Off Topic,test_thread_349
LEG,Announcements,test_thread_350
LEG,General Discussion,test_thread_351
LEG,Event Planning,test_thread_352
LEG,Off Topic,test_thread_353
CAR,Announcements,test_thread_354
CAR,General Discussion,test_thread_355
CAR,Event Planning,test_thread_356
CAR,Off Topic,test_thread_357
KSH,Announcements,test_thread_358
KSH,General Discussion,test_thread_359
KSH,Event Planning,test_thread_360
KSH,Off Topic,test_thread_361
RSN,Announcements,test_thread_362
RSN,General Discussion,test_thread_363
RSN,Event Planning,test_thread_364
RSN,Off Topic,test_thread_365
WSP,Announcements,test_thread_366
WSP,General Discussion,test_thread_367
WSP,Event Planning,test_thread_368
WSP,Off Topic,test_thread_369
PUM,Announcements,test_thread_370
PUM,General Discussion,test_thread_371
PUM,Event Planning,test_thread_372
PUM,Off Topic,test_thread_373
GDL,Announcements,test_thread_374
GDL,General Discussion,test_thread_375
GDL,Event Planning,test_thread_376
GDL,Off Topic,test_thread_377
CRE,Announcements,test_thread_378
CRE,General Discussion,test_thread_379
CRE,Event Planning,test_thread_380
CRE,Off Topic,test_thread_381
LKB,Announcements,test_thread_382
LKB,General Discussion,test_thread_383
LKB,Event Planning,test_thread_384
LKB,Off Topic,test_thread_385
DDG,Announcements,test_thread_386
DDG,General Discussion,test_thread_387
DDG,Event Planning,test_thread_388
DDG,Off Topic,test_thread_389
VAL,Announcements,test_thread_390
VAL,General Discussion,test_thread_391
VAL,Event Planning,test_thread_392
VAL,Off Topic,test_thread_393
UND,Announcements,test_thread_394
UND,General Discussion,test_thread_395
UND,Event Planning,test_thread_396
UND,Off Topic,test_thread_397
SCE,Announcements,test_thread_398
SCE,General Discussion,test_thread_399
SCE,Event Planning,test_thread_400
SCE,Off Topic,test_thread_401
HAW,Announcements,test_thread_402
HAW,General Discussion,test_thread_403
HAW,Event Planning,test_thread_404
HAW,Off Topic,test_thread_405
SIL,Announcements,test_thread_406
SIL,General Discussion,test_thread_407
SIL,Event Planning,test_thread_408
SIL,Off Topic,test_thread_409
SKR,Announcements,test_thread_410
SKR,General Discussion,test_thread_411
SKR,Event Planning,test_thread_412
SKR,Off Topic,test_thread_413
CNS,Announcements,test_thread_414
CNS,General Discussion,test_thread_415
CNS,Event Planning,test_thread_416
CNS,Off Topic,test_thread_417
PCK,Announcements,test_thread_418
PCK,General Discussion,test_thread_419
PCK,Event Planning,test_thread_420
PCK,Off Topic,test_thread_421
MAH,Announcements,test_thread_422
MAH,General Discussion,test_thread_423
MAH,Event Planning,test_thread_424
MAH,Off Topic,test_thread_425
RAN,Announcements,test_thread_426
RAN,General Discussion,test_thread_427
RAN,Event Planning,test_thread_428
RAN,Off Topic,test_thread_429
LIV,Announcements,test_thread_430
LIV,General Discussion,test_thread_431
LIV,Event Planning,test_thread_432
LIV,Off Topic,test_thread_433
HAM,Announcements,test_thread_434
HAM,General Discussion,test_thread_435
HAM,Event Planning,test_thread_436
HAM,Off Topic,test_thread_437
CIT,Announcements,test_thread_438
CIT,General Discussion,test_thread_439
CIT,Event Planning,test_thread_440
CIT,Off Topic,test_thread_441
ROX,Announcements,test_thread_442
ROX,General Discussion,test_thread_443
ROX,Event Planning,test_thread_444
ROX,Off Topic,test_thread_445
SHN,Announcements,test_thread_446
SHN,General Discussion,test_thread_447
SHN,Event Planning,test_thread_448
SHN,Off Topic,test_thread_449
RIC,Announcements,test_thread_450
RIC,General Discussion,test_thread_451
RIC,Event Planning,test_thread_452
RIC,Off Topic,test_thread_453
UNI,Announcements,test_thread_454
UNI,General Discussion,test_thread_455
UNI,Event Planning,test_thread_456
UNI,Off Topic,test_thread_457
FAL,Announcements,test_thread_458
FAL,General Discussion,test_thread_459
FAL,Event Planning,test_thread_460
FAL,Off Topic,test_thread_461
CHK,Announcements,test_thread_462
CHK,General Discussion,test_thread_463
CHK,Event Planning,test_thread_464
CHK,Off Topic,test_thread_465
WWO,Announcements,test_thread_466
WWO,General Discussion,test_thread_467
WWO,Event Planning,test_thread_468
WWO,Off Topic,test_thread_469
YKV,Announcements,test_thread_470
YKV,General Discussion,test_thread_471
YKV,Event Planning,test_thread_472
YKV,Off Topic,test_thread_473
FLN,Announcements,test_thread_474
FLN,General Discussion,test_thread_475
FLN,Event Planning,test_thread_476
FLN,Off Topic,test_thread_477
WIL,Announcements,test_thread_478
WIL,General Discussion,test_thread_479
WIL,Event Planning,test_thread_480
WIL,Off Topic,test_thread_481
ABB,Announcements,test_thread_482
ABB,General Discussion,test_thread_483
ABB,Event Planning,test_thread_484
ABB,Off Topic,test_thread_485
MON,Announcements,test_thread_486
MON,General Discussion,test_thread_487
MON,Event Planning,test_thread_488
MON,Off Topic,test_thread_489
HAR,Announcements,test_thread_490
HAR,General Discussion,test_thread_491
HAR,Event Planning,test_thread_492
HAR,Off Topic,test_thread_493
OGD,Announcements,test_thread_494
OGD,General Discussion,test_thread_495
OGD,Event Planning,test_thread_496
OGD,Off Topic,test_thread_497
PEN,Announcements,test_thread_498
PEN,General Discussion,test_thread_499
PEN,Event Planning,test_thread_500
PEN,Off Topic,test_thread_501
SHS,Announcements,test_thread_502
SHS,General Discussion,test_thread_503
SHS,Event Planning,test_thread_504
SHS,Off Topic,test_thread_505
BNF,Announcements,test_thread_506
BNF,General Discussion,test_thread_507
BNF,Event Planning,test_thread_508
BNF,Off Topic,test_thread_509
SPH,Announcements,test_thread_510
SPH,General Discussion,test_thread_511
SPH,Event Planning,test_thread_512
SPH,Off Topic,test_thread_513
PKH,Announcements,test_thread_514
PKH,General Discussion,test_thread_515
PKH,Event Planning,test_thread_516
PKH,Off Topic,test_thread_517
NHV,Announcements,test_thread_518
NHV,General Discussion,test_thread_519
NHV,Event Planning,test_thread_520
NHV,Off Topic,test_thread_521
LKV,Announcements,test_thread_522
LKV,General Discussion,test_thread_523
LKV,Event Planning,test_thread_524
LKV,Off Topic,test_thread_525
VIS,Announcements,test_thread_526
VIS,General Discussion,test_thread_527
VIS,Event Planning,test_thread_528
VIS,Off Topic,test_thread_529
GLA,Announcements,test_thread_530
GLA,General Discussion,test_thread_531
GLA,Event Planning,test_thread_532
GLA,Off Topic,test_thread_533
EYA,Announcements,test_thread_534
EYA,General Discussion,test_thread_535
EYA,Event Planning,test_thread_536
EYA,Off Topic,test_thread_537
CLI,Announcements,test_thread_538
CLI,General Discussion,test_thread_539
CLI,Event Planning,test_thread_540
CLI,Off Topic,test_thread_541
RIV,Announcements,test_thread_542
RIV,General Discussion,test_thread_543
RIV,Event Planning,test_thread_544
RIV,Off Topic,test_thread_545
CHN,Announcements,test_thread_546
CHN,General Discussion,test_thread_547
CHN,Event Planning,test_thread_548
CHN,Off Topic,test_thread_549
TEM,Announcements,test_thread_550
TEM,General Discussion,test_thread_551
TEM,Event Planning,test_thread_552
TEM,Off Topic,test_thread_553
BRA,Announcements,test_thread_554
BRA,General Discussion,test_thread_555
BRA,Event Planning,test_thread_556
BRA,Off Topic,test_thread_557
WND,Announcements,test_thread_558
WND,General Discussion,test_thread_559
WND,Event Planning,test_thread_560
WND,Off Topic,test_thread_561
BOW,Announcements,test_thread_562
BOW,General Discussion,test_thread_563
BOW,Event Planning,test_thread_564
BOW,Off Topic,test_thread_565
WHI,Announcements,test_thread_566
WHI,General Discussion,test_thread_567
WHI,Event Planning,test_thread_568
WHI,Off Topic,test_thread_569
PKD,Announcements,test_thread_570
PKD,General Discussion,test_thread_571
PKD,Event Planning,test_thread_572
PKD,Off Topic,test_thread_573
RMT,Announcements,test_thread_574
RMT,General Discussion,test_thread_575
RMT,Event Planning,test_thread_576
RMT,Off Topic,test_thread_577
MPL,Announcements,test_thread_578
MPL,General Discussion,test_thread_579
MPL,Event Planning,test_thread_580
MPL,Off Topic,test_thread_581
BRE,Announcements,test_thread_582
BRE,General Discussion,test_thread_583
BRE,Event Planning,test_thread_584
BRE,Off Topic,test_thread_585
SCA,Announcements,test_thread_586
SCA,General Discussion,test_thread_587
SCA,Event Planning,test_thread_588
SCA,Off Topic,test_thread_589
POI,Announcements,test_thread_590
POI,General Discussion,test_thread_591
POI,Event Planning,test_thread_592
POI,Off Topic,test_thread_593
RUT,Announcements,test_thread_594
RUT,General Discussion,test_thread_595
RUT,Event Planning,test_thread_596
RUT,Off Topic,test_thread_597
RAM,Announcements,test_thread_598
RAM,General Discussion,test_thread_599
RAM,Event Planning,test_thread_600
RAM,Off Topic,test_thread_601
MRL,Announcements,test_thread_602
MRL,General Discussion,test_thread_603
MRL,Event Planning,test_thread_604
MRL,Off Topic,test_thread_605
MAN,Announcements,test_thread_606
MAN,General Discussion,test_thread_607
MAN,Event Planning,test_thread_608
MAN,Off Topic,test_thread_609
GAG,Announcements,test_thread_610
GAG,General Discussion,test_thread_611
GAG,Event Planning,test_thread_612
GAG,Off Topic,test_thread_613
SPR,Announcements,test_thread_614
SPR,General Discussion,test_thread_615
SPR,Event Planning,test_thread_616
SPR,Off Topic,test_thread_617
PKL,Announcements,test_thread_618
PKL,General Discussion,test_thread_619
PKL,Event Planning,test_thread_620
PKL,Off Topic,test_thread_621
CAS,Announcements,test_thread_622
CAS,General Discussion,test_thread_623
CAS,Event Planning,test_thread_624
CAS,Off Topic,test_thread_625
DAL,Announcements,test_thread_626
DAL,General Discussion,test_thread_627
DAL,Event Planning,test_thread_628
DAL,Off Topic,test_thread_629
PAL,Announcements,test_thread_630
PAL,General Discussion,test_thread_631
PAL,Event Planning,test_thread_632
PAL,Off Topic,test_thread_633
NGM,Announcements,test_thread_634
NGM,General Discussion,test_thread_635
NGM,Event Planning,test_thread_636
NGM,Off Topic,test_thread_637
ALT,Announcements,test_thread_638
ALT,General Discussion,test_thread_639
ALT,Event Planning,test_thread_640
ALT,Off Topic,test_thread_641
CHW,Announcements,test_thread_642
CHW,General Discussion,test_thread_643
CHW,Event Planning,test_thread_644
CHW,Off Topic,test_thread_645
CED,Announcements,test_thread_646
CED,General Discussion,test_thread_647
CED,Event Planning,test_thread_648
CED,Off Topic,test_thread_649
SVO,Announcements,test_thread_650
SVO,General Discussion,test_thread_651
SVO,Event Planning,test_thread_652
SVO,Off Topic,test_thread_653
CRM,Announcements,test_thread_654
CRM,General Discussion,test_thread_655
CRM,Event Planning,test_thread_656
CRM,Off Topic,test_thread_657
KCA,Announcements,test_thread_658
KCA,General Discussion,test_thread_659
KCA,Event Planning,test_thread_660
KCA,Off Topic,test_thread_661
DNW,Announcements,test_thread_662
DNW,General Discussion,test_thread_663
DNW,Event Planning,test_thread_664
DNW,Off Topic,test_thread_665
LMR,Announcements,test_thread_666
LMR,General Discussion,test_thread_667
LMR,Event Planning,test_thread_668
LMR,Off Topic,test_thread_669
BNK,Announcements,test_thread_670
BNK,General Discussion,test_thread_671
BNK,Event Planning,test_thread_672
BNK,Off Topic,test_thread_673
BLN,Announcements,test_thread_674
BLN,General Discussion,test_thread_675
BLN,Event Planning,test_thread_676
BLN,Off Topic,test_thread_677
HIL,Announcements,test_thread_678
HIL,General Discussion,test_thread_679
HIL,Event Planning,test_thread_680
HIL,Off Topic,test_thread_681
SNA,Announcements,test_thread_682
SNA,General Discussion,test_thread_683
SNA,Event Planning,test_thread_684
SNA,Off Topic,test_thread_685
NOL,Announcements,test_thread_686
NOL,General Discussion,test_thread_687
NOL,Event Planning,test_thread_688
NOL,Off Topic,test_thread_689
COV,Announcements,test_thread_690
COV,General Discussion,test_thread_691
COV,Event Planning,test_thread_692
COV,Off Topic,test_thread_693
MDH,Announcements,test_thread_694
MDH,General Discussion,test_thread_695
MDH,Event Planning,test_thread_696
MDH,Off Topic,test_thread_697
ROY,Announcements,test_thread_698
ROY,General Discussion,test_thread_699
ROY,Event Planning,test_thread_700
ROY,Off Topic,test_thread_701
TAR,Announcements,test_thread_702
TAR,General Discussion,test_thread_703
TAR,Event Planning,test_thread_704
TAR,Off Topic,test_thread_705
CHV,Announcements,test_thread_706
CHV,General Discussion,test_thread_707
CHV,Event Planning,test_thread_708
CHV,Off Topic,test_thread_709
EVN,Announcements,test_thread_710
EVN,General Discussion,test_thread_711
EVN,Event Planning,test_thread_712
EVN,Off Topic,test_thread_713
CGR,Announcements,test_thread_714
CGR,General Discussion,test_thread_715
CGR,Event Planning,test_thread_716
CGR,Off Topic,test_thread_717
ROC,Announcements,test_thread_718
ROC,General Discussion,test_thread_719
ROC,Event Planning,test_thread_720
ROC,Off Topic,test_thread_721
TUS,Announcements,test_thread_722
TUS,General Discussion,test_thread_723
TUS,Event Planning,test_thread_724
TUS,Off Topic,test_thread_725
CHA,Announcements,test_thread_726
CHA,General Discussion,test_thread_727
CHA,Event Planning,test_thread_728
CHA,Off Topic,test_thread_729
NEB,Announcements,test_thread_730
NEB,General Discussion,test_thread_731
NEB,Event Planning,test_thread_732
NEB,Off Topic,test_thread_733
PAN,Announcements,test_thread_734
PAN,General Discussion,test_thread_735
PAN,Event Planning,test_thread_736
PAN,Off Topic,test_thread_737
SHW,Announcements,test_thread_738
SHW,General Discussion,test_thread_739
SHW,Event Planning,test_thread_740
SHW,Off Topic,test_thread_741
BRI,Announcements,test_thread_742
BRI,General Discussion,test_thread_743
BRI,Event Planning,test_thread_744
BRI,Off Topic,test_thread_745
EVE,Announcements,test_thread_746
EVE,General Discussion,test_thread_747
EVE,Event Planning,test_thread_748
EVE,Off Topic,test_thread_749
AUB,Announcements,test_thread_750
AUB,General Discussion,test_thread_751
AUB,Event Planning,test_thread_752
AUB,Off Topic,test_thread_753
MAF,Announcements,test_thread_754
MAF,General Discussion,test_thread_755
MAF,Event Planning,test_thread_756
MAF,Off Topic,test_thread_757
EAG,Announcements,test_thread_758
EAG,General Discussion,test_thread_759
EAG,Event Planning,test_thread_760
EAG,Off Topic,test_thread_761
MEA,Announcements,test_thread_762
MEA,General Discussion,test_thread_763
MEA,Event Planning,test_thread_764
MEA,Off Topic,test_thread_765
KEL,Announcements,test_thread_766
KEL,General Discussion,test_thread_767
KEL,Event Planning,test_thread_768
KEL,Off Topic,test_thread_769
KIN,Announcements,test_thread_770
KIN,General Discussion,test_thread_771
KIN,Event Planning,test_thread_772
KIN,Off Topic,test_thread_773